timestamp,message
2025-09-21T21:15:29.585790+02:00,Дневной убыток 5.00% > 1%
2025-09-21T21:15:29.586473+02:00,Общий убыток 10.00% > 5%
2025-09-21T21:15:29.587960+02:00,"Кулдаун 5 мин, прошло 1.0 мин"
2025-09-21T21:15:29.588921+02:00,Открытых позиций 1 >= 1
2025-09-21T21:15:29.589837+02:00,Размер позиции > 10% от equity
2025-09-21T21:15:29.592148+02:00,Дневной убыток 5.00% > 1%
2025-09-21T21:44:03.261026+02:00,Дневной убыток 5.00% > 1%
2025-09-21T21:44:03.261318+02:00,Общий убыток 10.00% > 5%
2025-09-21T21:44:03.262665+02:00,"Кулдаун 5 мин, прошло 1.0 мин"
2025-09-21T21:44:03.263522+02:00,Открытых позиций 1 >= 1
2025-09-21T21:44:03.264504+02:00,Размер позиции > 10% от equity
2025-09-21T21:44:03.266591+02:00,Дневной убыток 5.00% > 1%
2025-09-21T21:44:03.825854+02:00,Дневной убыток 5.00% > 1%
2025-09-21T21:44:03.826146+02:00,Общий убыток 10.00% > 5%
2025-09-21T21:44:03.827549+02:00,"Кулдаун 5 мин, прошло 1.0 мин"
2025-09-21T21:44:03.828555+02:00,Открытых позиций 1 >= 1
2025-09-21T21:44:03.829523+02:00,Размер позиции > 10% от equity
2025-09-21T21:44:03.831620+02:00,Дневной убыток 5.00% > 1%
2025-09-23T14:16:52.884091+02:00,Position size > 20% of equity
2025-09-23T16:49:17.623808+02:00,Position size > 20% of equity
2025-09-23T16:55:44.737002+02:00,Daily loss 5.00% > 1%
2025-09-23T16:55:44.737312+02:00,Total loss 10.00% > 5%
2025-09-23T16:56:58.097918+02:00,Daily loss 5.00% > 1%
2025-09-23T16:56:58.098193+02:00,Total loss 10.00% > 5%
2025-09-23T16:56:58.099461+02:00,"Cooldown 5 min, only 1.0 min passed"
2025-09-23T16:56:58.100306+02:00,Open positions 1 >= 1
2025-09-23T16:56:58.101119+02:00,Position size > 10% of equity
2025-09-23T16:56:58.103082+02:00,Daily loss 5.00% > 1%
2025-09-23T16:56:58.622699+02:00,Daily loss 5.00% > 1%
2025-09-23T16:56:58.623042+02:00,Total loss 10.00% > 5%
2025-09-23T16:56:58.625790+02:00,"Cooldown 5 min, only 1.0 min passed"
2025-09-23T16:56:58.627669+02:00,Open positions 1 >= 1
2025-09-23T16:56:58.629236+02:00,Position size > 10% of equity
2025-09-23T16:56:58.632294+02:00,Daily loss 5.00% > 1%
2025-09-23T16:56:58.827083+02:00,Position size > 20% of equity
2025-09-23T17:02:16.960080+02:00,Дневной убыток 5.00% > 1%
2025-09-23T17:02:16.960410+02:00,Общий убыток 10.00% > 5%
2025-09-23T17:02:16.961814+02:00,"Кулдаун 5 мин, прошло 1.0 мин"
2025-09-23T17:02:16.962749+02:00,Открытых позиций 1 >= 1
2025-09-23T17:02:16.963974+02:00,Размер позиции > 10% от equity
2025-09-23T17:02:16.966427+02:00,Дневной убыток 5.00% > 1%
2025-09-23T17:02:17.002620+02:00,Размер позиции > 20% от equity
2025-09-23T17:02:17.348971+02:00,Дневной убыток 5.00% > 1%
2025-09-23T17:02:17.349434+02:00,Общий убыток 10.00% > 5%
2025-09-23T17:02:17.352531+02:00,"Кулдаун 5 мин, прошло 1.0 мин"
2025-09-23T17:02:17.354359+02:00,Открытых позиций 1 >= 1
2025-09-23T17:02:17.356057+02:00,Размер позиции > 10% от equity
2025-09-23T17:02:17.359181+02:00,Дневной убыток 5.00% > 1%
2025-09-23T17:02:17.408751+02:00,Размер позиции > 20% от equity
2025-10-01T15:59:04.502962+02:00,Дневной убыток 5.00% > 1%
2025-10-01T15:59:04.504270+02:00,Общий убыток 10.00% > 5%
2025-10-01T15:59:04.506067+02:00,"Кулдаун 5 мин, прошло 1.0 мин"
2025-10-01T15:59:04.507340+02:00,Открытых позиций 1 >= 1
2025-10-01T15:59:04.508574+02:00,Размер позиции > 10% от equity
2025-10-01T15:59:04.510931+02:00,Дневной убыток 5.00% > 1%
2025-10-01T15:59:05.108888+02:00,Дневной убыток 5.00% > 1%
2025-10-01T15:59:05.109738+02:00,Общий убыток 10.00% > 5%
2025-10-01T15:59:05.112176+02:00,"Кулдаун 5 мин, прошло 1.0 мин"
2025-10-01T15:59:05.114517+02:00,Открытых позиций 1 >= 1
2025-10-01T15:59:05.116310+02:00,Размер позиции > 10% от equity
2025-10-01T15:59:05.119497+02:00,Дневной убыток 5.00% > 1%
2025-10-01T15:59:05.461412+02:00,Размер позиции > 20% от equity
2025-10-01T16:03:17.659182+02:00,Дневной убыток 5.00% > 1%
2025-10-01T16:03:17.659851+02:00,Общий убыток 10.00% > 5%
2025-10-01T16:03:17.661646+02:00,"Кулдаун 5 мин, прошло 1.0 мин"
2025-10-01T16:03:17.662898+02:00,Открытых позиций 1 >= 1
2025-10-01T16:03:17.664097+02:00,Размер позиции > 10% от equity
2025-10-01T16:03:17.666536+02:00,Дневной убыток 5.00% > 1%
2025-10-01T16:03:17.758747+02:00,Размер позиции > 20% от equity
2025-10-01T16:03:18.110405+02:00,Дневной убыток 5.00% > 1%
2025-10-01T16:03:18.111122+02:00,Общий убыток 10.00% > 5%
2025-10-01T16:03:18.113290+02:00,"Кулдаун 5 мин, прошло 1.0 мин"
2025-10-01T16:03:18.114856+02:00,Открытых позиций 1 >= 1
2025-10-01T16:03:18.116330+02:00,Размер позиции > 10% от equity
2025-10-01T16:03:18.118885+02:00,Дневной убыток 5.00% > 1%
2025-10-01T16:03:18.216695+02:00,Размер позиции > 20% от equity
2025-10-01T16:10:35.038280+02:00,Объём 500 < 1000
2025-10-01T16:10:35.041789+02:00,Размер позиции > 100% от equity
2025-10-01T16:12:29.242137+02:00,Объём 500 < 1000
2025-10-01T16:14:31.259962+02:00,Объём 500 < 1000
2025-10-01T16:14:33.092076+02:00,Объём 500 < 1000
2025-10-01T16:14:33.102786+02:00,Дневной убыток 5.00% > 1%
2025-10-01T16:14:33.103462+02:00,Общий убыток 10.00% > 5%
2025-10-01T16:14:33.105117+02:00,"Кулдаун 5 мин, прошло 1.0 мин"
2025-10-01T16:14:33.106341+02:00,Открытых позиций 1 >= 1
2025-10-01T16:14:33.107542+02:00,Размер позиции > 10% от equity
2025-10-01T16:14:33.109850+02:00,Дневной убыток 5.00% > 1%
2025-10-01T16:14:33.196518+02:00,Размер позиции > 20% от equity
2025-10-01T16:14:33.510688+02:00,Дневной убыток 5.00% > 1%
2025-10-01T16:14:33.511384+02:00,Общий убыток 10.00% > 5%
2025-10-01T16:14:33.513486+02:00,"Кулдаун 5 мин, прошло 1.0 мин"
2025-10-01T16:14:33.515195+02:00,Открытых позиций 1 >= 1
2025-10-01T16:14:33.516971+02:00,Размер позиции > 10% от equity
2025-10-01T16:14:33.519583+02:00,Дневной убыток 5.00% > 1%
2025-10-01T16:14:33.641343+02:00,Размер позиции > 20% от equity
2025-10-01T16:37:53.601677+02:00,Объём 500 < 1000
2025-10-01T16:37:55.737048+02:00,Объём 500 < 1000
2025-10-01T16:37:55.747844+02:00,Дневной убыток 5.00% > 1%
2025-10-01T16:37:55.748509+02:00,Общий убыток 10.00% > 5%
2025-10-01T16:37:55.750198+02:00,"Кулдаун 5 мин, прошло 1.0 мин"
2025-10-01T16:37:55.751407+02:00,Открытых позиций 1 >= 1
2025-10-01T16:37:55.752630+02:00,Размер позиции > 10% от equity
2025-10-01T16:37:55.754765+02:00,Дневной убыток 5.00% > 1%
2025-10-01T16:37:55.843022+02:00,Размер позиции > 20% от equity
2025-10-01T16:37:56.170430+02:00,Дневной убыток 5.00% > 1%
2025-10-01T16:37:56.171106+02:00,Общий убыток 10.00% > 5%
2025-10-01T16:37:56.173382+02:00,"Кулдаун 5 мин, прошло 1.0 мин"
2025-10-01T16:37:56.175032+02:00,Открытых позиций 1 >= 1
2025-10-01T16:37:56.176894+02:00,Размер позиции > 10% от equity
2025-10-01T16:37:56.179520+02:00,Дневной убыток 5.00% > 1%
2025-10-01T16:37:56.289517+02:00,Размер позиции > 20% от equity
2025-10-01T16:40:35.210601+02:00,Объём 500 < 1000
2025-10-01T16:40:37.130411+02:00,Объём 500 < 1000
2025-10-01T16:40:37.141627+02:00,Дневной убыток 5.00% > 1%
2025-10-01T16:40:37.142316+02:00,Общий убыток 10.00% > 5%
2025-10-01T16:40:37.144038+02:00,"Кулдаун 5 мин, прошло 1.0 мин"
2025-10-01T16:40:37.145298+02:00,Открытых позиций 1 >= 1
2025-10-01T16:40:37.146565+02:00,Размер позиции > 10% от equity
2025-10-01T16:40:37.148981+02:00,Дневной убыток 5.00% > 1%
2025-10-01T16:40:37.240849+02:00,Размер позиции > 20% от equity
2025-10-01T16:40:37.598822+02:00,Дневной убыток 5.00% > 1%
2025-10-01T16:40:37.599629+02:00,Общий убыток 10.00% > 5%
2025-10-01T16:40:37.601593+02:00,"Кулдаун 5 мин, прошло 1.0 мин"
2025-10-01T16:40:37.603400+02:00,Открытых позиций 1 >= 1
2025-10-01T16:40:37.605651+02:00,Размер позиции > 10% от equity
2025-10-01T16:40:37.609043+02:00,Дневной убыток 5.00% > 1%
2025-10-01T16:40:37.720451+02:00,Размер позиции > 20% от equity
2025-10-01T16:43:33.137111+02:00,Объём 500 < 1000
2025-10-01T16:43:34.951304+02:00,Объём 500 < 1000
2025-10-01T16:43:34.962038+02:00,Дневной убыток 5.00% > 1%
2025-10-01T16:43:34.962723+02:00,Общий убыток 10.00% > 5%
2025-10-01T16:43:34.964439+02:00,"Кулдаун 5 мин, прошло 1.0 мин"
2025-10-01T16:43:34.966231+02:00,Открытых позиций 1 >= 1
2025-10-01T16:43:34.967492+02:00,Размер позиции > 10% от equity
2025-10-01T16:43:34.969773+02:00,Дневной убыток 5.00% > 1%
2025-10-01T16:43:35.062775+02:00,Размер позиции > 20% от equity
2025-10-01T16:43:35.458254+02:00,Дневной убыток 5.00% > 1%
2025-10-01T16:43:35.459069+02:00,Общий убыток 10.00% > 5%
2025-10-01T16:43:35.461895+02:00,"Кулдаун 5 мин, прошло 1.0 мин"
2025-10-01T16:43:35.463841+02:00,Открытых позиций 1 >= 1
2025-10-01T16:43:35.465975+02:00,Размер позиции > 10% от equity
2025-10-01T16:43:35.468946+02:00,Дневной убыток 5.00% > 1%
2025-10-01T16:43:35.572310+02:00,Размер позиции > 20% от equity
2025-10-01T16:43:54.058720+02:00,Объём 500 < 1000
2025-10-01T16:43:55.935528+02:00,Объём 500 < 1000
2025-10-01T16:43:55.947354+02:00,Дневной убыток 5.00% > 1%
2025-10-01T16:43:55.948125+02:00,Общий убыток 10.00% > 5%
2025-10-01T16:43:55.950182+02:00,"Кулдаун 5 мин, прошло 1.0 мин"
2025-10-01T16:43:55.951627+02:00,Открытых позиций 1 >= 1
2025-10-01T16:43:55.953028+02:00,Размер позиции > 10% от equity
2025-10-01T16:43:55.955517+02:00,Дневной убыток 5.00% > 1%
2025-10-01T16:43:56.048657+02:00,Размер позиции > 20% от equity
2025-10-01T16:43:56.402260+02:00,Дневной убыток 5.00% > 1%
2025-10-01T16:43:56.403057+02:00,Общий убыток 10.00% > 5%
2025-10-01T16:43:56.405458+02:00,"Кулдаун 5 мин, прошло 1.0 мин"
2025-10-01T16:43:56.407369+02:00,Открытых позиций 1 >= 1
2025-10-01T16:43:56.409131+02:00,Размер позиции > 10% от equity
2025-10-01T16:43:56.412462+02:00,Дневной убыток 5.00% > 1%
2025-10-01T16:43:56.545542+02:00,Размер позиции > 20% от equity
2025-10-01T16:47:13.720909+02:00,Объём 500 < 1000
2025-10-01T16:47:15.604401+02:00,Объём 500 < 1000
2025-10-01T16:47:15.615043+02:00,Дневной убыток 5.00% > 1%
2025-10-01T16:47:15.615943+02:00,Общий убыток 10.00% > 5%
2025-10-01T16:47:15.617693+02:00,"Кулдаун 5 мин, прошло 1.0 мин"
2025-10-01T16:47:15.618937+02:00,Открытых позиций 1 >= 1
2025-10-01T16:47:15.620174+02:00,Размер позиции > 10% от equity
2025-10-01T16:47:15.622541+02:00,Дневной убыток 5.00% > 1%
2025-10-01T16:47:15.713904+02:00,Размер позиции > 20% от equity
2025-10-01T16:47:16.048837+02:00,Дневной убыток 5.00% > 1%
2025-10-01T16:47:16.049637+02:00,Общий убыток 10.00% > 5%
2025-10-01T16:47:16.051703+02:00,"Кулдаун 5 мин, прошло 1.0 мин"
2025-10-01T16:47:16.053146+02:00,Открытых позиций 1 >= 1
2025-10-01T16:47:16.054901+02:00,Размер позиции > 10% от equity
2025-10-01T16:47:16.057525+02:00,Дневной убыток 5.00% > 1%
2025-10-01T16:47:16.160816+02:00,Размер позиции > 20% от equity
2025-10-01T16:47:19.604473+02:00,Объём 500 < 1000
2025-10-01T16:47:21.437940+02:00,Объём 500 < 1000
2025-10-01T16:47:21.448533+02:00,Дневной убыток 5.00% > 1%
2025-10-01T16:47:21.449180+02:00,Общий убыток 10.00% > 5%
2025-10-01T16:47:21.450874+02:00,"Кулдаун 5 мин, прошло 1.0 мин"
2025-10-01T16:47:21.452109+02:00,Открытых позиций 1 >= 1
2025-10-01T16:47:21.453343+02:00,Размер позиции > 10% от equity
2025-10-01T16:47:21.455662+02:00,Дневной убыток 5.00% > 1%
2025-10-01T16:47:21.544306+02:00,Размер позиции > 20% от equity
2025-10-01T16:47:21.889556+02:00,Дневной убыток 5.00% > 1%
2025-10-01T16:47:21.890356+02:00,Общий убыток 10.00% > 5%
2025-10-01T16:47:21.893067+02:00,"Кулдаун 5 мин, прошло 1.0 мин"
2025-10-01T16:47:21.894958+02:00,Открытых позиций 1 >= 1
2025-10-01T16:47:21.896833+02:00,Размер позиции > 10% от equity
2025-10-01T16:47:21.900283+02:00,Дневной убыток 5.00% > 1%
2025-10-01T16:47:22.018603+02:00,Размер позиции > 20% от equity
2025-10-01T16:49:24.939666+02:00,Объём 500 < 1000
2025-10-01T16:49:26.802828+02:00,Объём 500 < 1000
2025-10-01T16:49:26.814181+02:00,Дневной убыток 5.00% > 1%
2025-10-01T16:49:26.814854+02:00,Общий убыток 10.00% > 5%
2025-10-01T16:49:26.816630+02:00,"Кулдаун 5 мин, прошло 1.0 мин"
2025-10-01T16:49:26.817924+02:00,Открытых позиций 1 >= 1
2025-10-01T16:49:26.819263+02:00,Размер позиции > 10% от equity
2025-10-01T16:49:26.821714+02:00,Дневной убыток 5.00% > 1%
2025-10-01T16:49:26.910706+02:00,Размер позиции > 20% от equity
2025-10-01T16:49:27.218034+02:00,Дневной убыток 5.00% > 1%
2025-10-01T16:49:27.218759+02:00,Общий убыток 10.00% > 5%
2025-10-01T16:49:27.220600+02:00,"Кулдаун 5 мин, прошло 1.0 мин"
2025-10-01T16:49:27.221987+02:00,Открытых позиций 1 >= 1
2025-10-01T16:49:27.223326+02:00,Размер позиции > 10% от equity
2025-10-01T16:49:27.225783+02:00,Дневной убыток 5.00% > 1%
2025-10-01T16:49:27.326674+02:00,Размер позиции > 20% от equity
2025-10-01T16:49:30.824766+02:00,Объём 500 < 1000
2025-10-01T16:49:32.674770+02:00,Объём 500 < 1000
2025-10-01T16:49:32.685071+02:00,Дневной убыток 5.00% > 1%
2025-10-01T16:49:32.685724+02:00,Общий убыток 10.00% > 5%
2025-10-01T16:49:32.687377+02:00,"Кулдаун 5 мин, прошло 1.0 мин"
2025-10-01T16:49:32.688601+02:00,Открытых позиций 1 >= 1
2025-10-01T16:49:32.689810+02:00,Размер позиции > 10% от equity
2025-10-01T16:49:32.692126+02:00,Дневной убыток 5.00% > 1%
2025-10-01T16:49:32.790213+02:00,Размер позиции > 20% от equity
2025-10-01T16:49:33.103368+02:00,Дневной убыток 5.00% > 1%
2025-10-01T16:49:33.104119+02:00,Общий убыток 10.00% > 5%
2025-10-01T16:49:33.106735+02:00,"Кулдаун 5 мин, прошло 1.0 мин"
2025-10-01T16:49:33.108566+02:00,Открытых позиций 1 >= 1
2025-10-01T16:49:33.110346+02:00,Размер позиции > 10% от equity
2025-10-01T16:49:33.113357+02:00,Дневной убыток 5.00% > 1%
2025-10-01T16:49:33.227096+02:00,Размер позиции > 20% от equity
2025-10-01T16:55:40.788291+02:00,Объём 500 < 1000
2025-10-01T16:55:42.751799+02:00,Объём 500 < 1000
2025-10-01T16:55:42.762160+02:00,Дневной убыток 5.00% > 1%
2025-10-01T16:55:42.762807+02:00,Общий убыток 10.00% > 5%
2025-10-01T16:55:42.764456+02:00,"Кулдаун 5 мин, прошло 1.0 мин"
2025-10-01T16:55:42.765683+02:00,Открытых позиций 1 >= 1
2025-10-01T16:55:42.766906+02:00,Размер позиции > 10% от equity
2025-10-01T16:55:42.769483+02:00,Дневной убыток 5.00% > 1%
2025-10-01T16:55:42.855217+02:00,Размер позиции > 20% от equity
2025-10-01T16:55:43.161104+02:00,Дневной убыток 5.00% > 1%
2025-10-01T16:55:43.161801+02:00,Общий убыток 10.00% > 5%
2025-10-01T16:55:43.163669+02:00,"Кулдаун 5 мин, прошло 1.0 мин"
2025-10-01T16:55:43.165195+02:00,Открытых позиций 1 >= 1
2025-10-01T16:55:43.166566+02:00,Размер позиции > 10% от equity
2025-10-01T16:55:43.169009+02:00,Дневной убыток 5.00% > 1%
2025-10-01T16:55:43.263872+02:00,Размер позиции > 20% от equity
2025-10-01T16:55:46.322267+02:00,Объём 500 < 1000
2025-10-01T16:55:48.183852+02:00,Объём 500 < 1000
2025-10-01T16:55:48.194166+02:00,Дневной убыток 5.00% > 1%
2025-10-01T16:55:48.194808+02:00,Общий убыток 10.00% > 5%
2025-10-01T16:55:48.196529+02:00,"Кулдаун 5 мин, прошло 1.0 мин"
2025-10-01T16:55:48.197746+02:00,Открытых позиций 1 >= 1
2025-10-01T16:55:48.198938+02:00,Размер позиции > 10% от equity
2025-10-01T16:55:48.201243+02:00,Дневной убыток 5.00% > 1%
2025-10-01T16:55:48.286753+02:00,Размер позиции > 20% от equity
2025-10-01T16:55:48.595672+02:00,Дневной убыток 5.00% > 1%
2025-10-01T16:55:48.596436+02:00,Общий убыток 10.00% > 5%
2025-10-01T16:55:48.599658+02:00,"Кулдаун 5 мин, прошло 1.0 мин"
2025-10-01T16:55:48.601848+02:00,Открытых позиций 1 >= 1
2025-10-01T16:55:48.604114+02:00,Размер позиции > 10% от equity
2025-10-01T16:55:48.607136+02:00,Дневной убыток 5.00% > 1%
2025-10-01T16:55:48.720305+02:00,Размер позиции > 20% от equity
2025-10-01T17:09:58.165890+02:00,Объём 500 < 1000
2025-10-01T17:10:00.051091+02:00,Объём 500 < 1000
2025-10-01T17:10:00.062288+02:00,Дневной убыток 5.00% > 1%
2025-10-01T17:10:00.062961+02:00,Общий убыток 10.00% > 5%
2025-10-01T17:10:00.064728+02:00,"Кулдаун 5 мин, прошло 1.0 мин"
2025-10-01T17:10:00.066014+02:00,Открытых позиций 1 >= 1
2025-10-01T17:10:00.067242+02:00,Размер позиции > 10% от equity
2025-10-01T17:10:00.069560+02:00,Дневной убыток 5.00% > 1%
2025-10-01T17:10:00.165138+02:00,Размер позиции > 20% от equity
2025-10-01T17:10:00.492544+02:00,Дневной убыток 5.00% > 1%
2025-10-01T17:10:00.493211+02:00,Общий убыток 10.00% > 5%
2025-10-01T17:10:00.495052+02:00,"Кулдаун 5 мин, прошло 1.0 мин"
2025-10-01T17:10:00.496448+02:00,Открытых позиций 1 >= 1
2025-10-01T17:10:00.497840+02:00,Размер позиции > 10% от equity
2025-10-01T17:10:00.500839+02:00,Дневной убыток 5.00% > 1%
2025-10-01T17:10:00.605028+02:00,Размер позиции > 20% от equity
2025-10-01T17:10:03.778851+02:00,Объём 500 < 1000
2025-10-01T17:10:05.665568+02:00,Объём 500 < 1000
2025-10-01T17:10:05.677574+02:00,Дневной убыток 5.00% > 1%
2025-10-01T17:10:05.678244+02:00,Общий убыток 10.00% > 5%
2025-10-01T17:10:05.679951+02:00,"Кулдаун 5 мин, прошло 1.0 мин"
2025-10-01T17:10:05.681205+02:00,Открытых позиций 1 >= 1
2025-10-01T17:10:05.682451+02:00,Размер позиции > 10% от equity
2025-10-01T17:10:05.684887+02:00,Дневной убыток 5.00% > 1%
2025-10-01T17:10:05.787318+02:00,Размер позиции > 20% от equity
2025-10-01T17:10:06.104613+02:00,Дневной убыток 5.00% > 1%
2025-10-01T17:10:06.105379+02:00,Общий убыток 10.00% > 5%
2025-10-01T17:10:06.108606+02:00,"Кулдаун 5 мин, прошло 1.0 мин"
2025-10-01T17:10:06.110757+02:00,Открытых позиций 1 >= 1
2025-10-01T17:10:06.112643+02:00,Размер позиции > 10% от equity
2025-10-01T17:10:06.115879+02:00,Дневной убыток 5.00% > 1%
2025-10-01T17:10:06.234310+02:00,Размер позиции > 20% от equity
2025-10-01T17:11:46.766151+02:00,Объём 500 < 1000
2025-10-01T17:11:48.651881+02:00,Объём 500 < 1000
2025-10-01T17:11:48.663049+02:00,Дневной убыток 5.00% > 1%
2025-10-01T17:11:48.663693+02:00,Общий убыток 10.00% > 5%
2025-10-01T17:11:48.665349+02:00,"Кулдаун 5 мин, прошло 1.0 мин"
2025-10-01T17:11:48.666570+02:00,Открытых позиций 1 >= 1
2025-10-01T17:11:48.667744+02:00,Размер позиции > 10% от equity
2025-10-01T17:11:48.670020+02:00,Дневной убыток 5.00% > 1%
2025-10-01T17:11:48.763009+02:00,Размер позиции > 20% от equity
2025-10-01T17:11:49.071795+02:00,Дневной убыток 5.00% > 1%
2025-10-01T17:11:49.072552+02:00,Общий убыток 10.00% > 5%
2025-10-01T17:11:49.075673+02:00,"Кулдаун 5 мин, прошло 1.0 мин"
2025-10-01T17:11:49.078876+02:00,Открытых позиций 1 >= 1
2025-10-01T17:11:49.081480+02:00,Размер позиции > 10% от equity
2025-10-01T17:11:49.085089+02:00,Дневной убыток 5.00% > 1%
2025-10-01T17:11:49.210023+02:00,Размер позиции > 20% от equity
2025-10-01T17:25:58.151413+02:00,Объём 500 < 1000
2025-10-01T17:26:00.621784+02:00,Дневной убыток 5.00% > 1%
2025-10-01T17:26:00.622559+02:00,Общий убыток 10.00% > 5%
2025-10-01T17:26:00.625132+02:00,"Кулдаун 5 мин, прошло 1.0 мин"
2025-10-01T17:26:00.626997+02:00,Открытых позиций 1 >= 1
2025-10-01T17:26:00.628783+02:00,Размер позиции > 10% от equity
2025-10-01T17:26:00.631945+02:00,Дневной убыток 5.00% > 1%
2025-10-01T17:26:00.773952+02:00,Размер позиции > 20% от equity
2025-10-01T18:01:24.809425+02:00,Объём 500 < 1000
2025-10-01T18:01:27.048484+02:00,Объём 500 < 1000
2025-10-01T18:01:27.636924+02:00,Дневной убыток 5.00% > 1%
2025-10-01T18:01:27.637814+02:00,Общий убыток 10.00% > 5%
2025-10-01T18:01:27.641401+02:00,"Кулдаун 5 мин, прошло 1.0 мин"
2025-10-01T18:01:27.644181+02:00,Открытых позиций 1 >= 1
2025-10-01T18:01:27.646320+02:00,Размер позиции > 10% от equity
2025-10-01T18:01:27.650085+02:00,Дневной убыток 5.00% > 1%
2025-10-01T18:01:27.775516+02:00,Размер позиции > 20% от equity
2025-10-01T18:03:36.882315+02:00,Объём 500 < 1000
2025-10-01T18:03:39.132718+02:00,Объём 500 < 1000
2025-10-01T18:03:39.728335+02:00,Дневной убыток 5.00% > 1%
2025-10-01T18:03:39.729310+02:00,Общий убыток 10.00% > 5%
2025-10-01T18:03:39.733250+02:00,"Кулдаун 5 мин, прошло 1.0 мин"
2025-10-01T18:03:39.735847+02:00,Открытых позиций 1 >= 1
2025-10-01T18:03:39.738477+02:00,Размер позиции > 10% от equity
2025-10-01T18:03:39.742250+02:00,Дневной убыток 5.00% > 1%
2025-10-01T18:03:39.873501+02:00,Размер позиции > 20% от equity
2025-10-01T18:05:55.453553+02:00,Объём 500 < 1000
2025-10-01T18:05:57.712663+02:00,Объём 500 < 1000
2025-10-01T18:05:58.355837+02:00,Дневной убыток 5.00% > 1%
2025-10-01T18:05:58.356841+02:00,Общий убыток 10.00% > 5%
2025-10-01T18:05:58.361161+02:00,"Кулдаун 5 мин, прошло 1.0 мин"
2025-10-01T18:05:58.363811+02:00,Открытых позиций 1 >= 1
2025-10-01T18:05:58.367127+02:00,Размер позиции > 10% от equity
2025-10-01T18:05:58.372148+02:00,Дневной убыток 5.00% > 1%
2025-10-01T18:05:58.520604+02:00,Размер позиции > 20% от equity
2025-10-01T18:07:32.957357+02:00,Объём 500 < 1000
2025-10-01T18:07:35.213624+02:00,Объём 500 < 1000
2025-10-01T18:07:35.858398+02:00,Дневной убыток 5.00% > 1%
2025-10-01T18:07:35.859381+02:00,Общий убыток 10.00% > 5%
2025-10-01T18:07:35.863283+02:00,"Кулдаун 5 мин, прошло 1.0 мин"
2025-10-01T18:07:35.865652+02:00,Открытых позиций 1 >= 1
2025-10-01T18:07:35.868026+02:00,Размер позиции > 10% от equity
2025-10-01T18:07:35.872569+02:00,Дневной убыток 5.00% > 1%
2025-10-01T18:07:36.017360+02:00,Размер позиции > 20% от equity
2025-10-01T18:09:35.768817+02:00,Объём 500 < 1000
2025-10-01T18:09:38.324533+02:00,Объём 500 < 1000
2025-10-01T18:09:39.197707+02:00,Дневной убыток 5.00% > 1%
2025-10-01T18:09:39.198788+02:00,Общий убыток 10.00% > 5%
2025-10-01T18:09:39.203662+02:00,"Кулдаун 5 мин, прошло 1.0 мин"
2025-10-01T18:09:39.206569+02:00,Открытых позиций 1 >= 1
2025-10-01T18:09:39.209562+02:00,Размер позиции > 10% от equity
2025-10-01T18:09:39.214011+02:00,Дневной убыток 5.00% > 1%
2025-10-01T18:09:39.402137+02:00,Размер позиции > 20% от equity
2025-10-01T18:11:38.910052+02:00,Объём 500 < 1000
2025-10-01T18:11:41.054528+02:00,Объём 500 < 1000
2025-10-01T18:11:41.647836+02:00,Дневной убыток 5.00% > 1%
2025-10-01T18:11:41.648699+02:00,Общий убыток 10.00% > 5%
2025-10-01T18:11:41.652818+02:00,"Кулдаун 5 мин, прошло 1.0 мин"
2025-10-01T18:11:41.655365+02:00,Открытых позиций 1 >= 1
2025-10-01T18:11:41.657586+02:00,Размер позиции > 10% от equity
2025-10-01T18:11:41.661074+02:00,Дневной убыток 5.00% > 1%
2025-10-01T18:11:41.794244+02:00,Размер позиции > 20% от equity
2025-10-01T18:12:46.103319+02:00,Объём 500 < 1000
2025-10-01T18:12:48.354545+02:00,Объём 500 < 1000
2025-10-01T18:12:48.399471+02:00,Дневной убыток 5.00% > 1%
2025-10-01T18:12:48.400304+02:00,Общий убыток 10.00% > 5%
2025-10-01T18:12:48.402982+02:00,"Кулдаун 5 мин, прошло 1.0 мин"
2025-10-01T18:12:48.404746+02:00,Открытых позиций 1 >= 1
2025-10-01T18:12:48.406887+02:00,Размер позиции > 10% от equity
2025-10-01T18:12:48.409877+02:00,Дневной убыток 5.00% > 1%
2025-10-01T18:12:48.527302+02:00,Размер позиции > 20% от equity
2025-10-01T18:12:48.977302+02:00,Дневной убыток 5.00% > 1%
2025-10-01T18:12:48.978385+02:00,Общий убыток 10.00% > 5%
2025-10-01T18:12:48.982824+02:00,"Кулдаун 5 мин, прошло 1.0 мин"
2025-10-01T18:12:48.985207+02:00,Открытых позиций 1 >= 1
2025-10-01T18:12:48.987618+02:00,Размер позиции > 10% от equity
2025-10-01T18:12:48.991679+02:00,Дневной убыток 5.00% > 1%
2025-10-01T18:12:49.126591+02:00,Размер позиции > 20% от equity
2025-10-01T18:18:25.528602+02:00,Объём 500 < 1000
2025-10-01T18:18:27.854314+02:00,Объём 500 < 1000
2025-10-01T18:18:28.420575+02:00,Дневной убыток 5.00% > 1%
2025-10-01T18:18:28.421413+02:00,Общий убыток 10.00% > 5%
2025-10-01T18:18:28.424919+02:00,"Кулдаун 5 мин, прошло 1.0 мин"
2025-10-01T18:18:28.427192+02:00,Открытых позиций 1 >= 1
2025-10-01T18:18:28.429873+02:00,Размер позиции > 10% от equity
2025-10-01T18:18:28.433648+02:00,Дневной убыток 5.00% > 1%
2025-10-01T18:18:28.579247+02:00,Размер позиции > 20% от equity
2025-10-01T18:20:49.170962+02:00,Объём 500 < 1000
2025-10-01T18:20:51.482976+02:00,Объём 500 < 1000
2025-10-01T18:20:52.041361+02:00,Дневной убыток 5.00% > 1%
2025-10-01T18:20:52.042219+02:00,Общий убыток 10.00% > 5%
2025-10-01T18:20:52.045627+02:00,"Кулдаун 5 мин, прошло 1.0 мин"
2025-10-01T18:20:52.047730+02:00,Открытых позиций 1 >= 1
2025-10-01T18:20:52.049935+02:00,Размер позиции > 10% от equity
2025-10-01T18:20:52.053833+02:00,Дневной убыток 5.00% > 1%
2025-10-01T18:20:52.195293+02:00,Размер позиции > 20% от equity
2025-10-01T18:22:46.902060+02:00,Объём 500 < 1000
2025-10-01T18:22:49.241328+02:00,Объём 500 < 1000
2025-10-01T18:22:49.826937+02:00,Дневной убыток 5.00% > 1%
2025-10-01T18:22:49.827828+02:00,Общий убыток 10.00% > 5%
2025-10-01T18:22:49.831383+02:00,"Кулдаун 5 мин, прошло 1.0 мин"
2025-10-01T18:22:49.833572+02:00,Открытых позиций 1 >= 1
2025-10-01T18:22:49.837062+02:00,Размер позиции > 10% от equity
2025-10-01T18:22:49.841487+02:00,Дневной убыток 5.00% > 1%
2025-10-01T18:22:49.978948+02:00,Размер позиции > 20% от equity
2025-10-01T18:24:22.418302+02:00,Объём 500 < 1000
2025-10-01T18:24:24.761167+02:00,Объём 500 < 1000
2025-10-01T18:24:25.334525+02:00,Дневной убыток 5.00% > 1%
2025-10-01T18:24:25.335683+02:00,Общий убыток 10.00% > 5%
2025-10-01T18:24:25.340251+02:00,"Кулдаун 5 мин, прошло 1.0 мин"
2025-10-01T18:24:25.343048+02:00,Открытых позиций 1 >= 1
2025-10-01T18:24:25.345428+02:00,Размер позиции > 10% от equity
2025-10-01T18:24:25.348862+02:00,Дневной убыток 5.00% > 1%
2025-10-01T18:24:25.486564+02:00,Размер позиции > 20% от equity
2025-10-01T18:25:59.599156+02:00,Объём 500 < 1000
2025-10-01T18:26:01.939582+02:00,Объём 500 < 1000
2025-10-01T18:26:02.544408+02:00,Дневной убыток 5.00% > 1%
2025-10-01T18:26:02.545392+02:00,Общий убыток 10.00% > 5%
2025-10-01T18:26:02.549844+02:00,"Кулдаун 5 мин, прошло 1.0 мин"
2025-10-01T18:26:02.552519+02:00,Открытых позиций 1 >= 1
2025-10-01T18:26:02.556025+02:00,Размер позиции > 10% от equity
2025-10-01T18:26:02.561499+02:00,Дневной убыток 5.00% > 1%
2025-10-01T18:26:02.729181+02:00,Размер позиции > 20% от equity
2025-10-01T18:27:34.064444+02:00,Объём 500 < 1000
2025-10-01T18:27:36.211833+02:00,Объём 500 < 1000
2025-10-01T18:27:36.263736+02:00,Дневной убыток 5.00% > 1%
2025-10-01T18:27:36.264489+02:00,Общий убыток 10.00% > 5%
2025-10-01T18:27:36.266800+02:00,"Кулдаун 5 мин, прошло 1.0 мин"
2025-10-01T18:27:36.268259+02:00,Открытых позиций 1 >= 1
2025-10-01T18:27:36.269788+02:00,Размер позиции > 10% от equity
2025-10-01T18:27:36.272649+02:00,Дневной убыток 5.00% > 1%
2025-10-01T18:27:36.381702+02:00,Размер позиции > 20% от equity
2025-10-01T18:27:36.771694+02:00,Дневной убыток 5.00% > 1%
2025-10-01T18:27:36.772560+02:00,Общий убыток 10.00% > 5%
2025-10-01T18:27:36.775874+02:00,"Кулдаун 5 мин, прошло 1.0 мин"
2025-10-01T18:27:36.778024+02:00,Открытых позиций 1 >= 1
2025-10-01T18:27:36.780185+02:00,Размер позиции > 10% от equity
2025-10-01T18:27:36.783895+02:00,Дневной убыток 5.00% > 1%
2025-10-01T18:27:36.923489+02:00,Размер позиции > 20% от equity
2025-10-01T18:32:26.121299+02:00,Объём 500 < 1000
2025-10-01T18:32:40.912839+02:00,Дневной убыток 5.00% > 1%
2025-10-01T18:32:40.913723+02:00,Общий убыток 10.00% > 5%
2025-10-01T18:32:40.917209+02:00,"Кулдаун 5 мин, прошло 1.0 мин"
2025-10-01T18:32:40.919314+02:00,Открытых позиций 1 >= 1
2025-10-01T18:32:40.921519+02:00,Размер позиции > 10% от equity
2025-10-01T18:32:40.925325+02:00,Дневной убыток 5.00% > 1%
2025-10-01T18:32:41.069178+02:00,Размер позиции > 20% от equity
2025-10-01T18:34:22.256378+02:00,Объём 500 < 1000
2025-10-01T18:34:24.793249+02:00,Дневной убыток 5.00% > 1%
2025-10-01T18:34:24.794122+02:00,Общий убыток 10.00% > 5%
2025-10-01T18:34:24.797591+02:00,"Кулдаун 5 мин, прошло 1.0 мин"
2025-10-01T18:34:24.799790+02:00,Открытых позиций 1 >= 1
2025-10-01T18:34:24.802011+02:00,Размер позиции > 10% от equity
2025-10-01T18:34:24.805695+02:00,Дневной убыток 5.00% > 1%
2025-10-01T18:34:24.941572+02:00,Размер позиции > 20% от equity
2025-10-01T18:36:50.913611+02:00,Объём 500 < 1000
2025-10-01T18:36:52.942625+02:00,Объём 500 < 1000
2025-10-01T18:36:52.992524+02:00,Дневной убыток 5.00% > 1%
2025-10-01T18:36:52.993260+02:00,Общий убыток 10.00% > 5%
2025-10-01T18:36:52.995551+02:00,"Кулдаун 5 мин, прошло 1.0 мин"
2025-10-01T18:36:52.997022+02:00,Открытых позиций 1 >= 1
2025-10-01T18:36:52.998530+02:00,Размер позиции > 10% от equity
2025-10-01T18:36:53.001069+02:00,Дневной убыток 5.00% > 1%
2025-10-01T18:36:53.109253+02:00,Размер позиции > 20% от equity
2025-10-01T18:36:53.493721+02:00,Дневной убыток 5.00% > 1%
2025-10-01T18:36:53.494589+02:00,Общий убыток 10.00% > 5%
2025-10-01T18:36:53.497887+02:00,"Кулдаун 5 мин, прошло 1.0 мин"
2025-10-01T18:36:53.499991+02:00,Открытых позиций 1 >= 1
2025-10-01T18:36:53.502235+02:00,Размер позиции > 10% от equity
2025-10-01T18:36:53.505613+02:00,Дневной убыток 5.00% > 1%
2025-10-01T18:36:53.644686+02:00,Размер позиции > 20% от equity
2025-10-01T18:43:04.141674+02:00,Объём 500 < 1000
2025-10-01T18:43:07.024795+02:00,Объём 500 < 1000
2025-10-01T18:43:07.639252+02:00,Дневной убыток 5.00% > 1%
2025-10-01T18:43:07.640342+02:00,Общий убыток 10.00% > 5%
2025-10-01T18:43:07.645019+02:00,"Кулдаун 5 мин, прошло 1.0 мин"
2025-10-01T18:43:07.647954+02:00,Открытых позиций 1 >= 1
2025-10-01T18:43:07.650782+02:00,Размер позиции > 10% от equity
2025-10-01T18:43:07.654720+02:00,Дневной убыток 5.00% > 1%
2025-10-01T18:43:07.803264+02:00,Размер позиции > 20% от equity
2025-10-01T18:47:22.698098+02:00,Объём 500 < 1000
2025-10-01T18:47:25.266697+02:00,Объём 500 < 1000
2025-10-01T18:47:25.819663+02:00,Дневной убыток 5.00% > 1%
2025-10-01T18:47:25.820626+02:00,Общий убыток 10.00% > 5%
2025-10-01T18:47:25.824827+02:00,"Кулдаун 5 мин, прошло 1.0 мин"
2025-10-01T18:47:25.827561+02:00,Открытых позиций 1 >= 1
2025-10-01T18:47:25.830029+02:00,Размер позиции > 10% от equity
2025-10-01T18:47:25.833439+02:00,Дневной убыток 5.00% > 1%
2025-10-01T18:47:25.985221+02:00,Размер позиции > 20% от equity
2025-10-01T18:48:10.662236+02:00,Объём 500 < 1000
2025-10-01T18:48:13.318948+02:00,Объём 500 < 1000
2025-10-01T18:48:13.894137+02:00,Дневной убыток 5.00% > 1%
2025-10-01T18:48:13.895039+02:00,Общий убыток 10.00% > 5%
2025-10-01T18:48:13.898963+02:00,"Кулдаун 5 мин, прошло 1.0 мин"
2025-10-01T18:48:13.901760+02:00,Открытых позиций 1 >= 1
2025-10-01T18:48:13.904617+02:00,Размер позиции > 10% от equity
2025-10-01T18:48:13.908622+02:00,Дневной убыток 5.00% > 1%
2025-10-01T18:48:14.052132+02:00,Размер позиции > 20% от equity
2025-10-01T18:59:33.973698+02:00,Объём 500 < 1000
2025-10-01T18:59:36.647487+02:00,Объём 500 < 1000
2025-10-01T18:59:37.212830+02:00,Дневной убыток 5.00% > 1%
2025-10-01T18:59:37.213730+02:00,Общий убыток 10.00% > 5%
2025-10-01T18:59:37.217981+02:00,"Кулдаун 5 мин, прошло 1.0 мин"
2025-10-01T18:59:37.220517+02:00,Открытых позиций 1 >= 1
2025-10-01T18:59:37.222932+02:00,Размер позиции > 10% от equity
2025-10-01T18:59:37.226398+02:00,Дневной убыток 5.00% > 1%
2025-10-01T18:59:37.390976+02:00,Размер позиции > 20% от equity
2025-10-01T19:02:57.393574+02:00,Объём 500 < 1000
2025-10-01T19:02:59.669069+02:00,Объём 500 < 1000
2025-10-01T19:03:00.227978+02:00,Дневной убыток 5.00% > 1%
2025-10-01T19:03:00.228841+02:00,Общий убыток 10.00% > 5%
2025-10-01T19:03:00.232715+02:00,"Кулдаун 5 мин, прошло 1.0 мин"
2025-10-01T19:03:00.235098+02:00,Открытых позиций 1 >= 1
2025-10-01T19:03:00.237475+02:00,Размер позиции > 10% от equity
2025-10-01T19:03:00.241415+02:00,Дневной убыток 5.00% > 1%
2025-10-01T19:03:00.414347+02:00,Размер позиции > 20% от equity
2025-10-01T19:09:43.920450+02:00,Объём 500 < 1000
2025-10-01T19:09:46.001229+02:00,Объём 500 < 1000
2025-10-01T19:09:46.045370+02:00,Дневной убыток 5.00% > 1%
2025-10-01T19:09:46.046143+02:00,Общий убыток 10.00% > 5%
2025-10-01T19:09:46.048632+02:00,"Кулдаун 5 мин, прошло 1.0 мин"
2025-10-01T19:09:46.050085+02:00,Открытых позиций 1 >= 1
2025-10-01T19:09:46.051621+02:00,Размер позиции > 10% от equity
2025-10-01T19:09:46.054352+02:00,Дневной убыток 5.00% > 1%
2025-10-01T19:09:46.843040+02:00,Дневной убыток 5.00% > 1%
2025-10-01T19:09:46.843883+02:00,Общий убыток 10.00% > 5%
2025-10-01T19:09:46.847595+02:00,"Кулдаун 5 мин, прошло 1.0 мин"
2025-10-01T19:09:46.850162+02:00,Открытых позиций 1 >= 1
2025-10-01T19:09:46.852782+02:00,Размер позиции > 10% от equity
2025-10-01T19:09:46.856274+02:00,Дневной убыток 5.00% > 1%
2025-10-01T19:09:47.487880+02:00,Размер позиции > 20% от equity
2025-10-01T19:13:41.846619+02:00,Объём 500 < 1000
2025-10-01T19:13:44.003632+02:00,Объём 500 < 1000
2025-10-01T19:13:44.048642+02:00,Дневной убыток 5.00% > 1%
2025-10-01T19:13:44.049623+02:00,Общий убыток 10.00% > 5%
2025-10-01T19:13:44.051984+02:00,"Кулдаун 5 мин, прошло 1.0 мин"
2025-10-01T19:13:44.054058+02:00,Открытых позиций 1 >= 1
2025-10-01T19:13:44.055637+02:00,Размер позиции > 10% от equity
2025-10-01T19:13:44.058210+02:00,Дневной убыток 5.00% > 1%
2025-10-01T19:13:44.877708+02:00,Дневной убыток 5.00% > 1%
2025-10-01T19:13:44.878716+02:00,Общий убыток 10.00% > 5%
2025-10-01T19:13:44.882182+02:00,"Кулдаун 5 мин, прошло 1.0 мин"
2025-10-01T19:13:44.884485+02:00,Открытых позиций 1 >= 1
2025-10-01T19:13:44.887089+02:00,Размер позиции > 10% от equity
2025-10-01T19:13:44.891398+02:00,Дневной убыток 5.00% > 1%
2025-10-01T19:13:45.524677+02:00,Размер позиции > 20% от equity
2025-10-01T19:16:21.904701+02:00,Объём 500 < 1000
2025-10-01T19:16:23.990397+02:00,Объём 500 < 1000
2025-10-01T19:16:24.034875+02:00,Дневной убыток 5.00% > 1%
2025-10-01T19:16:24.035675+02:00,Общий убыток 10.00% > 5%
2025-10-01T19:16:24.037898+02:00,"Кулдаун 5 мин, прошло 1.0 мин"
2025-10-01T19:16:24.039371+02:00,Открытых позиций 1 >= 1
2025-10-01T19:16:24.040918+02:00,Размер позиции > 10% от equity
2025-10-01T19:16:24.043575+02:00,Дневной убыток 5.00% > 1%
2025-10-01T19:16:24.164154+02:00,Размер позиции > 20% от equity
2025-10-01T19:16:24.557105+02:00,Дневной убыток 5.00% > 1%
2025-10-01T19:16:24.558011+02:00,Общий убыток 10.00% > 5%
2025-10-01T19:16:24.562331+02:00,"Кулдаун 5 мин, прошло 1.0 мин"
2025-10-01T19:16:24.565323+02:00,Открытых позиций 1 >= 1
2025-10-01T19:16:24.567919+02:00,Размер позиции > 10% от equity
2025-10-01T19:16:24.571678+02:00,Дневной убыток 5.00% > 1%
2025-10-01T19:16:24.738756+02:00,Размер позиции > 20% от equity
2025-10-01T19:35:48.458427+02:00,Объём 500 < 1000
2025-10-01T19:35:50.924537+02:00,Объём 500 < 1000
2025-10-01T19:35:51.518931+02:00,Дневной убыток 5.00% > 1%
2025-10-01T19:35:51.519857+02:00,Общий убыток 10.00% > 5%
2025-10-01T19:35:51.523934+02:00,"Кулдаун 5 мин, прошло 1.0 мин"
2025-10-01T19:35:51.526296+02:00,Открытых позиций 1 >= 1
2025-10-01T19:35:51.528620+02:00,Размер позиции > 10% от equity
2025-10-01T19:35:51.532021+02:00,Дневной убыток 5.00% > 1%
2025-10-01T19:35:52.137859+02:00,Размер позиции > 20% от equity
2025-10-01T19:41:44.725756+02:00,Объём 500 < 1000
2025-10-01T19:41:47.165616+02:00,Объём 500 < 1000
2025-10-01T19:41:47.738914+02:00,Дневной убыток 5.00% > 1%
2025-10-01T19:41:47.740065+02:00,Общий убыток 10.00% > 5%
2025-10-01T19:41:47.743891+02:00,"Кулдаун 5 мин, прошло 1.0 мин"
2025-10-01T19:41:47.746054+02:00,Открытых позиций 1 >= 1
2025-10-01T19:41:47.749529+02:00,Размер позиции > 10% от equity
2025-10-01T19:41:47.757522+02:00,Дневной убыток 5.00% > 1%
2025-10-01T19:41:48.073980+02:00,Размер позиции > 20% от equity
2025-10-01T19:46:47.755637+02:00,Объём 500 < 1000
2025-10-01T19:46:50.191319+02:00,Объём 500 < 1000
2025-10-01T19:46:50.772879+02:00,Дневной убыток 5.00% > 1%
2025-10-01T19:46:50.773766+02:00,Общий убыток 10.00% > 5%
2025-10-01T19:46:50.777262+02:00,"Кулдаун 5 мин, прошло 1.0 мин"
2025-10-01T19:46:50.779379+02:00,Открытых позиций 1 >= 1
2025-10-01T19:46:50.782408+02:00,Размер позиции > 10% от equity
2025-10-01T19:46:50.786560+02:00,Дневной убыток 5.00% > 1%
2025-10-01T19:46:51.105072+02:00,Размер позиции > 20% от equity
2025-10-01T19:50:48.403942+02:00,Объём 500 < 1000
2025-10-01T19:50:50.869117+02:00,Объём 500 < 1000
2025-10-01T19:50:51.437526+02:00,Дневной убыток 5.00% > 1%
2025-10-01T19:50:51.438381+02:00,Общий убыток 10.00% > 5%
2025-10-01T19:50:51.442496+02:00,"Кулдаун 5 мин, прошло 1.0 мин"
2025-10-01T19:50:51.445528+02:00,Открытых позиций 1 >= 1
2025-10-01T19:50:51.448431+02:00,Размер позиции > 10% от equity
2025-10-01T19:50:51.452466+02:00,Дневной убыток 5.00% > 1%
2025-10-01T19:50:51.771305+02:00,Размер позиции > 20% от equity
2025-10-01T19:53:42.235562+02:00,Объём 500 < 1000
2025-10-01T19:53:44.656219+02:00,Объём 500 < 1000
2025-10-01T19:53:45.246295+02:00,Дневной убыток 5.00% > 1%
2025-10-01T19:53:45.247154+02:00,Общий убыток 10.00% > 5%
2025-10-01T19:53:45.251086+02:00,"Кулдаун 5 мин, прошло 1.0 мин"
2025-10-01T19:53:45.253243+02:00,Открытых позиций 1 >= 1
2025-10-01T19:53:45.255474+02:00,Размер позиции > 10% от equity
2025-10-01T19:53:45.259016+02:00,Дневной убыток 5.00% > 1%
2025-10-01T19:53:45.624827+02:00,Размер позиции > 20% от equity
2025-10-01T19:58:25.548485+02:00,Объём 500 < 1000
2025-10-01T19:58:27.965976+02:00,Объём 500 < 1000
2025-10-01T19:58:28.527619+02:00,Дневной убыток 5.00% > 1%
2025-10-01T19:58:28.528631+02:00,Общий убыток 10.00% > 5%
2025-10-01T19:58:28.532439+02:00,"Кулдаун 5 мин, прошло 1.0 мин"
2025-10-01T19:58:28.534951+02:00,Открытых позиций 1 >= 1
2025-10-01T19:58:28.537277+02:00,Размер позиции > 10% от equity
2025-10-01T19:58:28.540659+02:00,Дневной убыток 5.00% > 1%
2025-10-01T19:58:28.855357+02:00,Размер позиции > 20% от equity
2025-10-01T20:01:52.300827+02:00,Объём 500 < 1000
2025-10-01T20:01:54.726549+02:00,Объём 500 < 1000
2025-10-01T20:01:55.306009+02:00,Дневной убыток 5.00% > 1%
2025-10-01T20:01:55.306942+02:00,Общий убыток 10.00% > 5%
2025-10-01T20:01:55.310451+02:00,"Кулдаун 5 мин, прошло 1.0 мин"
2025-10-01T20:01:55.313019+02:00,Открытых позиций 1 >= 1
2025-10-01T20:01:55.315679+02:00,Размер позиции > 10% от equity
2025-10-01T20:01:55.319402+02:00,Дневной убыток 5.00% > 1%
2025-10-01T20:01:55.634857+02:00,Размер позиции > 20% от equity
2025-10-01T20:07:08.648246+02:00,Объём 500 < 1000
2025-10-01T20:07:11.078839+02:00,Объём 500 < 1000
2025-10-01T20:07:11.656232+02:00,Дневной убыток 5.00% > 1%
2025-10-01T20:07:11.657464+02:00,Общий убыток 10.00% > 5%
2025-10-01T20:07:11.660978+02:00,"Кулдаун 5 мин, прошло 1.0 мин"
2025-10-01T20:07:11.663039+02:00,Открытых позиций 1 >= 1
2025-10-01T20:07:11.665232+02:00,Размер позиции > 10% от equity
2025-10-01T20:07:11.668646+02:00,Дневной убыток 5.00% > 1%
2025-10-01T20:07:11.983360+02:00,Размер позиции > 20% от equity
2025-10-01T20:13:46.550842+02:00,Объём 500 < 1000
2025-10-01T20:13:48.958273+02:00,Объём 500 < 1000
2025-10-01T20:13:49.516536+02:00,Дневной убыток 5.00% > 1%
2025-10-01T20:13:49.517433+02:00,Общий убыток 10.00% > 5%
2025-10-01T20:13:49.521101+02:00,"Кулдаун 5 мин, прошло 1.0 мин"
2025-10-01T20:13:49.523369+02:00,Открытых позиций 1 >= 1
2025-10-01T20:13:49.525708+02:00,Размер позиции > 10% от equity
2025-10-01T20:13:49.529129+02:00,Дневной убыток 5.00% > 1%
2025-10-01T20:13:49.846922+02:00,Размер позиции > 20% от equity
2025-10-01T20:17:23.284387+02:00,Объём 500 < 1000
2025-10-01T20:17:25.685734+02:00,Объём 500 < 1000
2025-10-01T20:17:26.252894+02:00,Дневной убыток 5.00% > 1%
2025-10-01T20:17:26.253764+02:00,Общий убыток 10.00% > 5%
2025-10-01T20:17:26.257119+02:00,"Кулдаун 5 мин, прошло 1.0 мин"
2025-10-01T20:17:26.259201+02:00,Открытых позиций 1 >= 1
2025-10-01T20:17:26.261462+02:00,Размер позиции > 10% от equity
2025-10-01T20:17:26.265659+02:00,Дневной убыток 5.00% > 1%
2025-10-01T20:17:26.577594+02:00,Размер позиции > 20% от equity
2025-10-01T20:20:49.524888+02:00,Объём 500 < 1000
2025-10-01T20:20:51.926349+02:00,Объём 500 < 1000
2025-10-01T20:20:52.495128+02:00,Дневной убыток 5.00% > 1%
2025-10-01T20:20:52.496037+02:00,Общий убыток 10.00% > 5%
2025-10-01T20:20:52.499543+02:00,"Кулдаун 5 мин, прошло 1.0 мин"
2025-10-01T20:20:52.502311+02:00,Открытых позиций 1 >= 1
2025-10-01T20:20:52.505080+02:00,Размер позиции > 10% от equity
2025-10-01T20:20:52.508877+02:00,Дневной убыток 5.00% > 1%
2025-10-01T20:20:52.817719+02:00,Размер позиции > 20% от equity
2025-10-01T20:24:29.746416+02:00,Объём 500 < 1000
2025-10-01T20:24:32.152783+02:00,Объём 500 < 1000
2025-10-01T20:24:32.874204+02:00,Дневной убыток 5.00% > 1%
2025-10-01T20:24:32.875144+02:00,Общий убыток 10.00% > 5%
2025-10-01T20:24:32.878931+02:00,"Кулдаун 5 мин, прошло 1.0 мин"
2025-10-01T20:24:32.881469+02:00,Открытых позиций 1 >= 1
2025-10-01T20:24:32.884420+02:00,Размер позиции > 10% от equity
2025-10-01T20:24:32.888370+02:00,Дневной убыток 5.00% > 1%
2025-10-01T20:24:33.329923+02:00,Размер позиции > 20% от equity
2025-10-01T20:27:52.442713+02:00,Объём 500 < 1000
2025-10-01T20:27:54.870179+02:00,Объём 500 < 1000
2025-10-01T20:27:55.437113+02:00,Дневной убыток 5.00% > 1%
2025-10-01T20:27:55.437975+02:00,Общий убыток 10.00% > 5%
2025-10-01T20:27:55.441775+02:00,"Кулдаун 5 мин, прошло 1.0 мин"
2025-10-01T20:27:55.444318+02:00,Открытых позиций 1 >= 1
2025-10-01T20:27:55.446844+02:00,Размер позиции > 10% от equity
2025-10-01T20:27:55.450447+02:00,Дневной убыток 5.00% > 1%
2025-10-01T20:27:55.762291+02:00,Размер позиции > 20% от equity
2025-10-01T20:32:25.249018+02:00,Объём 500 < 1000
2025-10-01T20:32:27.708779+02:00,Объём 500 < 1000
2025-10-01T20:32:28.300616+02:00,Дневной убыток 5.00% > 1%
2025-10-01T20:32:28.301514+02:00,Общий убыток 10.00% > 5%
2025-10-01T20:32:28.305100+02:00,"Кулдаун 5 мин, прошло 1.0 мин"
2025-10-01T20:32:28.307351+02:00,Открытых позиций 1 >= 1
2025-10-01T20:32:28.309530+02:00,Размер позиции > 10% от equity
2025-10-01T20:32:28.313487+02:00,Дневной убыток 5.00% > 1%
2025-10-01T20:32:28.627916+02:00,Размер позиции > 20% от equity
2025-10-01T20:35:18.798711+02:00,Объём 500 < 1000
2025-10-01T20:35:21.211585+02:00,Объём 500 < 1000
2025-10-01T20:35:21.795718+02:00,Дневной убыток 5.00% > 1%
2025-10-01T20:35:21.796573+02:00,Общий убыток 10.00% > 5%
2025-10-01T20:35:21.800703+02:00,"Кулдаун 5 мин, прошло 1.0 мин"
2025-10-01T20:35:21.803719+02:00,Открытых позиций 1 >= 1
2025-10-01T20:35:21.806268+02:00,Размер позиции > 10% от equity
2025-10-01T20:35:21.809799+02:00,Дневной убыток 5.00% > 1%
2025-10-01T20:35:22.125562+02:00,Размер позиции > 20% от equity
2025-10-01T20:42:41.941022+02:00,Объём 500 < 1000
2025-10-01T20:42:44.247099+02:00,Объём 500 < 1000
2025-10-01T20:42:44.866715+02:00,Дневной убыток 5.00% > 1%
2025-10-01T20:42:44.867567+02:00,Общий убыток 10.00% > 5%
2025-10-01T20:42:44.870327+02:00,"Кулдаун 5 мин, прошло 1.0 мин"
2025-10-01T20:42:44.872227+02:00,Открытых позиций 1 >= 1
2025-10-01T20:42:44.874305+02:00,Размер позиции > 10% от equity
2025-10-01T20:42:44.877206+02:00,Дневной убыток 5.00% > 1%
2025-10-01T20:42:45.154781+02:00,Размер позиции > 20% от equity
2025-10-01T20:45:57.349513+02:00,Объём 500 < 1000
2025-10-01T20:45:59.683011+02:00,Объём 500 < 1000
2025-10-01T20:46:00.283135+02:00,Дневной убыток 5.00% > 1%
2025-10-01T20:46:00.283994+02:00,Общий убыток 10.00% > 5%
2025-10-01T20:46:00.286721+02:00,"Кулдаун 5 мин, прошло 1.0 мин"
2025-10-01T20:46:00.288174+02:00,Открытых позиций 1 >= 1
2025-10-01T20:46:00.289821+02:00,Размер позиции > 10% от equity
2025-10-01T20:46:00.292432+02:00,Дневной убыток 5.00% > 1%
2025-10-01T20:46:00.586015+02:00,Размер позиции > 20% от equity
2025-10-01T20:47:28.538683+02:00,Объём 500 < 1000
2025-10-01T20:47:30.902364+02:00,Объём 500 < 1000
2025-10-01T20:47:31.553955+02:00,Дневной убыток 5.00% > 1%
2025-10-01T20:47:31.554947+02:00,Общий убыток 10.00% > 5%
2025-10-01T20:47:31.557923+02:00,"Кулдаун 5 мин, прошло 1.0 мин"
2025-10-01T20:47:31.559932+02:00,Открытых позиций 1 >= 1
2025-10-01T20:47:31.561653+02:00,Размер позиции > 10% от equity
2025-10-01T20:47:31.564466+02:00,Дневной убыток 5.00% > 1%
2025-10-01T20:47:31.852759+02:00,Размер позиции > 20% от equity
2025-10-01T20:52:48.956614+02:00,Объём 500 < 1000
2025-10-01T20:54:07.701534+02:00,Объём 500 < 1000
2025-10-01T20:55:27.390489+02:00,Объём 500 < 1000
2025-10-01T20:57:32.457917+02:00,Объём 500 < 1000
2025-10-01T20:59:30.234239+02:00,Дневной убыток 5.00% > 1%
2025-10-01T20:59:30.235026+02:00,Общий убыток 10.00% > 5%
2025-10-01T20:59:30.236992+02:00,"Кулдаун 5 мин, прошло 1.0 мин"
2025-10-01T20:59:30.238229+02:00,Открытых позиций 1 >= 1
2025-10-01T20:59:30.239667+02:00,Размер позиции > 10% от equity
2025-10-01T20:59:30.242012+02:00,Дневной убыток 5.00% > 1%
2025-10-01T20:59:30.504001+02:00,Размер позиции > 20% от equity
2025-10-01T21:30:33.039069+02:00,Объём 500 < 1000
2025-10-01T21:32:35.014567+02:00,Объём 500 < 1000
2025-10-01T21:33:40.829369+02:00,Объём 500 < 1000
2025-10-01T23:29:07.473540+02:00,Объём 500 < 1000
2025-10-01T23:29:44.939155+02:00,Объём 500 < 1000
2025-10-01T23:32:06.809056+02:00,Объём 500 < 1000
2025-10-01T23:40:18.279646+02:00,Объём 500 < 1000
2025-10-01T23:40:20.156916+02:00,Объём 500 < 1000
2025-10-01T23:40:20.965464+02:00,Дневной убыток 5.00% > 1%
2025-10-01T23:40:20.966899+02:00,Общий убыток 10.00% > 5%
2025-10-01T23:40:20.971036+02:00,"Кулдаун 5 мин, прошло 1.0 мин"
2025-10-01T23:40:20.973662+02:00,Открытых позиций 1 >= 1
2025-10-01T23:40:20.976000+02:00,Размер позиции > 10% от equity
2025-10-01T23:40:20.979721+02:00,Дневной убыток 5.00% > 1%
2025-10-01T23:40:21.358339+02:00,Размер позиции > 20% от equity
2025-10-01T23:42:10.044293+02:00,Объём 500 < 1000
2025-10-01T23:47:14.736249+02:00,Объём 500 < 1000
2025-10-01T23:47:16.567389+02:00,Объём 500 < 1000
2025-10-01T23:47:17.146623+02:00,Дневной убыток 5.00% > 1%
2025-10-01T23:47:17.147456+02:00,Общий убыток 10.00% > 5%
2025-10-01T23:47:17.150207+02:00,"Кулдаун 5 мин, прошло 1.0 мин"
2025-10-01T23:47:17.152153+02:00,Открытых позиций 1 >= 1
2025-10-01T23:47:17.154444+02:00,Размер позиции > 10% от equity
2025-10-01T23:47:17.158354+02:00,Дневной убыток 5.00% > 1%
2025-10-01T23:47:17.572413+02:00,Размер позиции > 20% от equity
2025-10-01T23:48:57.287869+02:00,Объём 500 < 1000
2025-10-01T23:48:59.156030+02:00,Объём 500 < 1000
2025-10-01T23:48:59.859559+02:00,Дневной убыток 5.00% > 1%
2025-10-01T23:48:59.860345+02:00,Общий убыток 10.00% > 5%
2025-10-01T23:48:59.862916+02:00,"Кулдаун 5 мин, прошло 1.0 мин"
2025-10-01T23:48:59.865096+02:00,Открытых позиций 1 >= 1
2025-10-01T23:48:59.867009+02:00,Размер позиции > 10% от equity
2025-10-01T23:48:59.870401+02:00,Дневной убыток 5.00% > 1%
2025-10-01T23:49:00.228740+02:00,Размер позиции > 20% от equity
2025-10-01T23:58:07.015226+02:00,Объём 500 < 1000
2025-10-01T23:58:08.614204+02:00,Объём 500 < 1000
2025-10-01T23:58:08.712233+02:00,Дневной убыток 5.00% > 1%
2025-10-01T23:58:08.713012+02:00,Общий убыток 10.00% > 5%
2025-10-01T23:58:08.715360+02:00,"Кулдаун 5 мин, прошло 1.0 мин"
2025-10-01T23:58:08.716939+02:00,Открытых позиций 1 >= 1
2025-10-01T23:58:08.718580+02:00,Размер позиции > 10% от equity
2025-10-01T23:58:08.721463+02:00,Дневной убыток 5.00% > 1%
2025-10-01T23:58:09.051406+02:00,Размер позиции > 20% от equity
2025-10-01T23:58:09.451622+02:00,Дневной убыток 5.00% > 1%
2025-10-01T23:58:09.452432+02:00,Общий убыток 10.00% > 5%
2025-10-01T23:58:09.455824+02:00,"Кулдаун 5 мин, прошло 1.0 мин"
2025-10-01T23:58:09.458112+02:00,Открытых позиций 1 >= 1
2025-10-01T23:58:09.460453+02:00,Размер позиции > 10% от equity
2025-10-01T23:58:09.464530+02:00,Дневной убыток 5.00% > 1%
2025-10-01T23:58:09.828251+02:00,Размер позиции > 20% от equity
2025-10-01T23:58:49.748643+02:00,Объём 500 < 1000
2025-10-01T23:58:51.545134+02:00,Объём 500 < 1000
2025-10-01T23:58:51.645148+02:00,Дневной убыток 5.00% > 1%
2025-10-01T23:58:51.645939+02:00,Общий убыток 10.00% > 5%
2025-10-01T23:58:51.648304+02:00,"Кулдаун 5 мин, прошло 1.0 мин"
2025-10-01T23:58:51.649897+02:00,Открытых позиций 1 >= 1
2025-10-01T23:58:51.651520+02:00,Размер позиции > 10% от equity
2025-10-01T23:58:51.654388+02:00,Дневной убыток 5.00% > 1%
2025-10-01T23:58:51.989464+02:00,Размер позиции > 20% от equity
2025-10-01T23:58:52.404032+02:00,Дневной убыток 5.00% > 1%
2025-10-01T23:58:52.404926+02:00,Общий убыток 10.00% > 5%
2025-10-01T23:58:52.408542+02:00,"Кулдаун 5 мин, прошло 1.0 мин"
2025-10-01T23:58:52.410469+02:00,Открытых позиций 1 >= 1
2025-10-01T23:58:52.412543+02:00,Размер позиции > 10% от equity
2025-10-01T23:58:52.416310+02:00,Дневной убыток 5.00% > 1%
2025-10-01T23:58:52.782810+02:00,Размер позиции > 20% от equity
2025-10-01T23:59:09.616059+02:00,Объём 500 < 1000
2025-10-01T23:59:11.572213+02:00,Объём 500 < 1000
2025-10-01T23:59:11.669258+02:00,Дневной убыток 5.00% > 1%
2025-10-01T23:59:11.670026+02:00,Общий убыток 10.00% > 5%
2025-10-01T23:59:11.672411+02:00,"Кулдаун 5 мин, прошло 1.0 мин"
2025-10-01T23:59:11.673946+02:00,Открытых позиций 1 >= 1
2025-10-01T23:59:11.675593+02:00,Размер позиции > 10% от equity
2025-10-01T23:59:11.678515+02:00,Дневной убыток 5.00% > 1%
2025-10-01T23:59:12.030961+02:00,Размер позиции > 20% от equity
2025-10-01T23:59:12.415254+02:00,Дневной убыток 5.00% > 1%
2025-10-01T23:59:12.416074+02:00,Общий убыток 10.00% > 5%
2025-10-01T23:59:12.418778+02:00,"Кулдаун 5 мин, прошло 1.0 мин"
2025-10-01T23:59:12.420589+02:00,Открытых позиций 1 >= 1
2025-10-01T23:59:12.422634+02:00,Размер позиции > 10% от equity
2025-10-01T23:59:12.426562+02:00,Дневной убыток 5.00% > 1%
2025-10-01T23:59:12.781163+02:00,Размер позиции > 20% от equity
2025-10-02T00:00:10.615862+02:00,Объём 500 < 1000
2025-10-02T00:00:12.221119+02:00,Объём 500 < 1000
2025-10-02T00:00:12.324023+02:00,Дневной убыток 5.00% > 1%
2025-10-02T00:00:12.324821+02:00,Общий убыток 10.00% > 5%
2025-10-02T00:00:12.327179+02:00,"Кулдаун 5 мин, прошло 1.0 мин"
2025-10-02T00:00:12.328827+02:00,Открытых позиций 1 >= 1
2025-10-02T00:00:12.330644+02:00,Размер позиции > 10% от equity
2025-10-02T00:00:12.333628+02:00,Дневной убыток 5.00% > 1%
2025-10-02T00:00:12.666372+02:00,Размер позиции > 20% от equity
2025-10-02T00:00:13.065679+02:00,Дневной убыток 5.00% > 1%
2025-10-02T00:00:13.066482+02:00,Общий убыток 10.00% > 5%
2025-10-02T00:00:13.069190+02:00,"Кулдаун 5 мин, прошло 1.0 мин"
2025-10-02T00:00:13.070998+02:00,Открытых позиций 1 >= 1
2025-10-02T00:00:13.072884+02:00,Размер позиции > 10% от equity
2025-10-02T00:00:13.076611+02:00,Дневной убыток 5.00% > 1%
2025-10-02T00:00:13.426837+02:00,Размер позиции > 20% от equity
2025-10-02T00:23:22.099961+02:00,Объём 500 < 1000
2025-10-02T00:23:23.743242+02:00,Объём 500 < 1000
2025-10-02T00:23:23.842688+02:00,Дневной убыток 5.00% > 1%
2025-10-02T00:23:23.843453+02:00,Общий убыток 10.00% > 5%
2025-10-02T00:23:23.846098+02:00,"Кулдаун 5 мин, прошло 1.0 мин"
2025-10-02T00:23:23.847679+02:00,Открытых позиций 1 >= 1
2025-10-02T00:23:23.849360+02:00,Размер позиции > 10% от equity
2025-10-02T00:23:23.852381+02:00,Дневной убыток 5.00% > 1%
2025-10-02T00:23:24.187707+02:00,Размер позиции > 20% от equity
2025-10-02T00:23:24.601081+02:00,Дневной убыток 5.00% > 1%
2025-10-02T00:23:24.602035+02:00,Общий убыток 10.00% > 5%
2025-10-02T00:23:24.605818+02:00,"Кулдаун 5 мин, прошло 1.0 мин"
2025-10-02T00:23:24.607766+02:00,Открытых позиций 1 >= 1
2025-10-02T00:23:24.609774+02:00,Размер позиции > 10% от equity
2025-10-02T00:23:24.613350+02:00,Дневной убыток 5.00% > 1%
2025-10-02T00:23:24.986165+02:00,Размер позиции > 20% от equity
